Set Lambda Up(nm), Detector 5 (cts/s), Error Counts
1450.0, 22749.2, 242.32490586
1450.1, 19132.9, 193.712906127
1450.2, 29557.2, 251.468407558
1450.3, 16792.0, 693.003607494
1450.4, 30108.2, 521.727093412
1450.5, 15155.8, 873.241638952
1450.6, 30690.0, 939.877119628
1450.7, 18171.2, 344.649909328
1450.8, 18465.3, 268.63508706
1450.9, 28615.6, 280.546680608
1451.0, 14153.7, 524.26501886
1451.1, 37261.7, 980.219572341
1451.2, 16993.0, 305.440337873
1451.3, 26305.0, 275.101072335
1451.4, 26149.4, 551.877921283
1451.5, 18573.9, 567.259984487
1451.6, 27717.5, 336.22529649
1451.7, 15761.5, 513.652070959
1451.8, 30120.0, 416.244399362
1451.9, 21278.2, 203.058021265
1452.0, 23046.8, 273.129200197
1452.1, 22199.1, 867.610678819
1452.2, 19045.9, 671.037472873
1452.3, 22408.7, 470.371565892
1452.4, 21400.3, 414.398853763
1452.5, 21908.4, 717.068643855
1452.6, 23435.7, 898.735116706
1452.7, 21695.7, 618.78817862
1452.8, 20760.5, 708.233612588
1452.9, 26939.3, 1025.27382196
1453.0, 17465.5, 1180.14391072
1453.1, 32551.5, 1318.61042389
1453.2, 14669.6, 1203.7595441
1453.3, 25342.7, 1242.91158575
1453.4, 28114.5, 1262.8365888
1453.5, 11916.1, 470.34507545
1453.6, 36038.9, 2109.87755332
1453.7, 28525.9, 1729.85886419
1453.8, 9007.6, 1515.65116039
1453.9, 39123.2, 2298.07553401
1454.0, 16657.0, 1322.20127061
1454.1, 27733.5, 1382.30179411
1454.2, 37799.9, 1531.25650692
1454.3, 23740.6, 770.580456539
1454.4, 14223.0, 699.108718298
1454.5, 30312.2, 1514.77310512
1454.6, 23052.5, 683.313288324
1454.7, 14115.1, 648.001612652
1454.8, 15276.7, 560.352219591
1454.9, 25104.2, 917.087869291
1455.0, 15652.9, 704.782015945
1455.1, 26632.5, 1728.19051322
1455.2, 22719.6, 963.256684379
1455.3, 9785.7, 997.747167373
1455.4, 23871.6, 1239.7548306
1455.5, 42389.7, 2596.95687488
1455.6, 9095.4, 1745.0264869
1455.7, 15419.9, 993.738642702
1455.8, 33475.1, 392.9586365
1455.9, 18410.9, 367.391194777
1456.0, 13418.9, 135.503837584
1456.1, 22775.4, 794.193074762
1456.2, 23532.3, 292.745640446
1456.3, 17949.6, 507.499793103
1456.4, 15409.4, 468.666021811
1456.5, 22359.4, 511.768541433
1456.6, 22068.6, 695.272349515
1456.7, 15107.4, 514.061513829
1456.8, 13474.4, 562.475457242
1456.9, 21738.2, 1122.58539096
1457.0, 18315.6, 848.517790032
1457.1, 20289.3, 834.028902377
1457.2, 15073.2, 750.41625782
1457.3, 7875.9, 830.256520601
1457.4, 9031.7, 1048.88436446
1457.5, 33766.7, 1626.57776021
1457.6, 27700.9, 967.164872191
1457.7, 13160.5, 785.666373214
1457.8, 4154.1, 223.916256668
1457.9, 9000.2, 425.570863664
1458.0, 19694.9, 623.35743358
1458.1, 11543.7, 456.221010038
1458.2, 9248.0, 594.426782708
1458.3, 14372.3, 537.767989006
1458.4, 14321.5, 737.473694446
1458.5, 15602.1, 624.388733082
1458.6, 12176.0, 146.527130594
1458.7, 14735.2, 193.808049368
1458.8, 10162.0, 218.396428542
1458.9, 5511.2, 365.621060663
1459.0, 6305.0, 581.549138079
1459.1, 9194.5, 388.835247888
1459.2, 15914.9, 1179.90333926
1459.3, 15668.7, 274.394989021
1459.4, 13981.7, 207.69932595
1459.5, 13197.0, 240.930695429
1459.6, 9063.3, 184.152681219
1459.7, 6699.0, 84.3931276823
1459.8, 11686.3, 131.62754271
1459.9, 7898.2, 91.4142220883
1460.0, 9835.5, 185.662193244
1460.1, 6240.0, 104.716760836
1460.2, 5107.4, 103.949218371
1460.3, 5870.1, 421.21264226
1460.4, 11659.8, 780.420630173
1460.5, 32678.3, 1301.66877891
1460.6, 25140.2, 206.126563063
1460.7, 17266.0, 476.876294232
1460.8, 23007.5, 1141.81717013
1460.9, 13953.4, 1270.05143203
1461.0, 7757.9, 328.318275458
1461.1, 9364.7, 185.08271124
1461.2, 8824.6, 625.593030652
1461.3, 9166.9, 83.502634689
1461.4, 6584.4, 558.392191922
1461.5, 7927.7, 219.498542136
1461.6, 13374.3, 418.358948751
1461.7, 11734.2, 629.819783748
1461.8, 11034.1, 490.126402064
1461.9, 10269.2, 484.548408314
1462.0, 10957.3, 513.500545277
1462.1, 11357.9, 324.80500304
1462.2, 10869.0, 289.469169343
1462.3, 14607.0, 674.890954155
1462.4, 9989.0, 300.643975493
1462.5, 11618.7, 478.851970864
1462.6, 10077.6, 511.007671175
1462.7, 10851.5, 504.640317454
1462.8, 15014.0, 614.969267525
1462.9, 15866.2, 860.003581388
1463.0, 17988.2, 749.592929529
1463.1, 13451.7, 409.016393314
1463.2, 14020.1, 308.391455783
1463.3, 17374.8, 261.904104588
1463.4, 17395.6, 156.624519153
1463.5, 14653.3, 267.143051566
1463.6, 15801.1, 532.103457985
1463.7, 15687.4, 189.997473667
1463.8, 13331.9, 228.457632834
1463.9, 15478.2, 389.614116787
1464.0, 13529.9, 279.095485453
1464.1, 10825.6, 651.78404399
1464.2, 13347.7, 485.112162288
1464.3, 12074.5, 255.455769166
1464.4, 17472.4, 516.081040148
1464.5, 17420.9, 831.870596908
1464.6, 19626.3, 562.845458363
1464.7, 17747.0, 581.750805758
1464.8, 13577.4, 800.347074712
1464.9, 19275.1, 726.884234249
1465.0, 14739.1, 704.036994767
1465.1, 13075.7, 521.246400467
1465.2, 16118.2, 599.426692766
1465.3, 13966.0, 551.572841971
1465.4, 15928.3, 751.83309983
1465.5, 13470.2, 416.625923341
1465.6, 15120.0, 343.41869489
1465.7, 12967.8, 563.912723744
1465.8, 12931.6, 542.825607355
1465.9, 16248.5, 275.667644093
1466.0, 15564.5, 333.320041402
1466.1, 16293.7, 474.615223102
1466.2, 18774.4, 319.284262061
1466.3, 18578.9, 405.519530972
1466.4, 16466.8, 169.017040561
1466.5, 19752.8, 180.114297045
1466.6, 16305.4, 228.206573087
1466.7, 13658.4, 217.165006389
1466.8, 16022.3, 174.545724668
1466.9, 17829.1, 394.858569617
1467.0, 13984.8, 478.316589719
1467.1, 14635.3, 509.804874437
1467.2, 14023.2, 634.022838705
1467.3, 14094.4, 259.305688329
1467.4, 18466.9, 210.405061726
1467.5, 16641.9, 309.307436057
1467.6, 17129.7, 732.80093477
1467.7, 13717.6, 611.362118552
1467.8, 13488.2, 315.056756792
1467.9, 12874.5, 517.71386885
1468.0, 16108.2, 829.167510217
1468.1, 17360.3, 613.450087619
1468.2, 13815.5, 205.467394007
1468.3, 11949.5, 159.620957271
1468.4, 11809.5, 95.6328918312
1468.5, 14582.7, 194.524060208
1468.6, 15761.3, 250.898007166
1468.7, 18179.2, 489.307428924
1468.8, 14537.7, 148.631120564
1468.9, 12862.3, 109.632157691
1469.0, 15177.5, 511.933638277
1469.1, 13194.9, 707.771778188
1469.2, 15760.2, 96.5078235171
1469.3, 14226.1, 170.409184025
1469.4, 13466.0, 400.234431302
1469.5, 15535.2, 865.489087164
1469.6, 11315.7, 592.95818571
1469.7, 15115.6, 625.36568502
1469.8, 13950.3, 589.967126203
1469.9, 11306.5, 590.163579019
1470.0, 11429.4, 443.9829276
1470.1, 12696.7, 432.525386538
1470.2, 17290.3, 785.435554326
1470.3, 13369.8, 578.398962655
1470.4, 13323.7, 658.957214089
1470.5, 12734.7, 451.367267311
1470.6, 17739.5, 682.248085377
1470.7, 16130.3, 696.55538904
1470.8, 12648.5, 496.812691062
1470.9, 12012.6, 530.094368957
1471.0, 12386.4, 659.98715139
1471.1, 13719.6, 697.428447943
1471.2, 11122.5, 369.528415687
1471.3, 12128.6, 145.122844515
1471.4, 14800.7, 161.212933724
1471.5, 16805.9, 373.982472851
1471.6, 16869.1, 195.049967957
1471.7, 12611.9, 208.564354577
1471.8, 13424.1, 150.478868948
1471.9, 13513.3, 136.771378585
1472.0, 13094.7, 149.475783992
1472.1, 13282.2, 194.786447167
1472.2, 13360.9, 157.573760506
1472.3, 17572.7, 827.025882304
1472.4, 15015.7, 608.880620483
1472.5, 14042.9, 496.645235556
1472.6, 13658.4, 268.293197827
1472.7, 13407.2, 344.236488478
1472.8, 12423.6, 359.235354608
1472.9, 12671.9, 184.587892344
1473.0, 10640.6, 322.6773001
1473.1, 13176.2, 633.609153974
1473.2, 12655.3, 647.763699199
1473.3, 10386.0, 438.320202592
1473.4, 12908.8, 653.889715472
1473.5, 16849.1, 816.088898344
1473.6, 14169.2, 540.253422016
1473.7, 12509.3, 479.118576137
1473.8, 12396.9, 518.493866888
1473.9, 12808.6, 148.365899047
1474.0, 12976.8, 432.349812074
1474.1, 11176.2, 140.688165814
1474.2, 12900.3, 207.132831777
1474.3, 13122.2, 608.532299882
1474.4, 13261.3, 655.96906177
1474.5, 12633.3, 495.290026146
1474.6, 12268.1, 544.926499631
1474.7, 12803.8, 526.307286668
1474.8, 10736.2, 560.797075599
1474.9, 11532.4, 459.100468307
1475.0, 12829.2, 471.215407218
1475.1, 14869.2, 806.537141116
1475.2, 13760.4, 645.689894609
1475.3, 12170.1, 432.157020075
1475.4, 13294.9, 638.580997212
1475.5, 16132.0, 614.464482293
1475.6, 15003.7, 561.618028557
1475.7, 14466.2, 821.949000851
1475.8, 13924.5, 582.070829023
1475.9, 16071.1, 675.337463791
1476.0, 17023.6, 201.903541326
1476.1, 15640.6, 125.821460809
1476.2, 16738.2, 157.229640971
1476.3, 15912.3, 332.619617581
1476.4, 16562.6, 234.796166919
1476.5, 17420.0, 217.513217989
1476.6, 16269.1, 146.066731325
1476.7, 14689.5, 231.257540418
1476.8, 13936.3, 585.643073894
1476.9, 17864.4, 767.180578482
1477.0, 15236.4, 892.940669922
1477.1, 13645.4, 572.069261541
1477.2, 13435.5, 393.066979025
1477.3, 14546.3, 737.550683004
1477.4, 15611.6, 672.408982688
1477.5, 14531.9, 571.211773338
1477.6, 15558.4, 693.652823825
1477.7, 18580.4, 573.878244927
1477.8, 16023.4, 875.673820552
1477.9, 14660.8, 547.462108278
1478.0, 14962.0, 643.960091931
1478.1, 15809.6, 555.530233201
1478.2, 15924.3, 529.552273152
1478.3, 13982.6, 188.964123579
1478.4, 19429.9, 225.493436712
1478.5, 17152.3, 312.925885794
1478.6, 16942.9, 406.972099781
1478.7, 17794.3, 198.324002582
1478.8, 13904.8, 132.18305489
1478.9, 16505.6, 118.9110592
1479.0, 13887.6, 147.981215024
1479.1, 14145.0, 103.906688909
1479.2, 15517.6, 119.796661055
1479.3, 16912.9, 274.832112389
1479.4, 15675.3, 248.594871226
1479.5, 15396.3, 151.03579046
1479.6, 14281.0, 177.521266332
1479.7, 14714.7, 235.327452712
1479.8, 14996.7, 282.913431989
1479.9, 14474.6, 102.177492629
1480.0, 13556.1, 184.522871211
1480.1, 12510.7, 132.215770618
1480.2, 14195.0, 186.547581062
1480.3, 12510.6, 106.224479288
1480.4, 13778.4, 292.96559525
1480.5, 11153.5, 123.235749683
1480.6, 14406.8, 209.845085718
1480.7, 12726.6, 202.927179057
1480.8, 13951.4, 69.286650951
1480.9, 12468.6, 114.757309135
1481.0, 13026.0, 178.754580361
1481.1, 13672.4, 113.176145897
1481.2, 12053.2, 152.263455891
1481.3, 12502.5, 103.675696284
1481.4, 13237.9, 162.444113467
1481.5, 11643.7, 142.984649526
1481.6, 11970.9, 157.959140286
1481.7, 13392.4, 183.798911857
1481.8, 12693.5, 146.359318118
1481.9, 11720.9, 206.015266425
1482.0, 13331.9, 88.28754159
1482.1, 12062.2, 216.382439214
1482.2, 12050.6, 107.064653364
1482.3, 11166.7, 143.784595837
1482.4, 10721.5, 172.538256627
1482.5, 10170.3, 148.327374412
1482.6, 10975.1, 86.0412110561
1482.7, 11595.0, 68.0205851195
1482.8, 10646.9, 119.180912901
1482.9, 13613.9, 155.685869622
1483.0, 11882.5, 120.216679375
1483.1, 11885.7, 173.324002954
1483.2, 10971.6, 138.029851844
1483.3, 11507.2, 124.406430702
1483.4, 11027.0, 228.183259684
1483.5, 11549.0, 127.282363272
1483.6, 12891.1, 164.544492463
1483.7, 11891.3, 193.437871163
1483.8, 11584.1, 133.682048159
1483.9, 11658.8, 108.769297138
1484.0, 10739.5, 96.1782199877
1484.1, 11195.6, 88.268000997
1484.2, 11129.6, 101.353046328
1484.3, 12225.4, 118.167846727
1484.4, 11834.0, 133.312415026
1484.5, 11198.7, 136.526957045
1484.6, 11178.7, 65.3881487733
1484.7, 11061.1, 91.008186445
1484.8, 11387.5, 76.4359208749
1484.9, 12199.9, 142.39483839
1485.0, 10965.0, 118.021184539
1485.1, 11555.4, 131.90087187
1485.2, 9711.2, 115.363599112
1485.3, 10750.0, 193.362354144
1485.4, 11753.9, 193.983736432
1485.5, 11150.2, 203.841997635
1485.6, 10643.8, 136.340602903
1485.7, 10251.4, 130.405674723
1485.8, 11579.9, 125.663399604
1485.9, 11495.3, 192.988626608
1486.0, 11106.2, 336.999643917
1486.1, 11402.2, 143.452988815
1486.2, 10713.5, 187.370355179
1486.3, 11496.9, 165.475949914
1486.4, 11225.4, 130.757944309
1486.5, 10384.9, 187.579023347
1486.6, 12014.1, 205.079716208
1486.7, 12077.9, 269.998685182
1486.8, 10464.7, 95.5259650566
1486.9, 11766.6, 240.719006312
1487.0, 11456.4, 77.5566889443
1487.1, 12549.6, 239.621868785
1487.2, 12078.4, 138.000144927
1487.3, 10894.4, 187.210149298
1487.4, 12237.8, 132.175489407
1487.5, 11354.0, 222.937659448
1487.6, 11910.3, 95.7800083525
1487.7, 10846.4, 267.011685138
1487.8, 11825.3, 131.802162349
1487.9, 12416.2, 162.797297275
1488.0, 11569.0, 194.21276992
1488.1, 11521.7, 266.888759598
1488.2, 12644.4, 227.5443693
1488.3, 12471.5, 87.4245388893
1488.4, 12006.9, 187.698401698
1488.5, 11440.4, 146.185635409
1488.6, 12136.2, 121.388467327
1488.7, 13134.2, 309.70495637
1488.8, 11357.7, 122.387131676
1488.9, 12633.3, 162.414315871
1489.0, 11728.4, 145.993287517
1489.1, 12157.8, 172.058594671
1489.2, 13276.8, 185.913851017
1489.3, 12570.6, 238.510041717
1489.4, 11907.2, 165.309890811
1489.5, 12982.7, 227.890346439
1489.6, 11592.0, 153.94089775
1489.7, 13170.0, 207.916810287
1489.8, 11817.0, 180.809844865
1489.9, 12471.1, 273.0997803
1490.0, 11949.3, 234.578366436
1490.1, 13451.7, 175.020027425
1490.2, 12312.0, 134.156624883
1490.3, 11622.1, 161.596689323
1490.4, 12288.9, 180.630811325
1490.5, 12185.7, 229.513420087
1490.6, 13173.8, 178.553521388
1490.7, 12010.0, 210.855874948
1490.8, 12079.0, 172.99595371
1490.9, 12485.7, 150.691771507
1491.0, 13016.4, 249.259784161
1491.1, 12514.9, 108.324004727
1491.2, 12533.3, 221.689896026
1491.3, 12423.1, 212.082271772
1491.4, 12759.9, 179.419870694
1491.5, 12427.5, 168.213703366
1491.6, 13093.6, 219.675761066
1491.7, 11702.8, 169.869832519
1491.8, 11697.5, 195.853133751
1491.9, 12745.3, 202.261241962
1492.0, 11712.4, 187.094200872
1492.1, 13366.5, 142.167682685
1492.2, 12816.1, 120.561561038
1492.3, 11791.9, 196.989568252
1492.4, 13387.3, 296.874064209
1492.5, 12292.0, 153.536314923
1492.6, 12912.1, 189.427268364
1492.7, 12133.2, 206.691944691
1492.8, 12688.2, 258.561714103
1492.9, 11599.1, 136.579976571
1493.0, 13190.7, 157.934828331
1493.1, 12647.7, 203.660035353
1493.2, 12720.2, 235.053525819
1493.3, 12925.0, 200.760553894
1493.4, 12833.1, 210.376068031
1493.5, 12025.2, 132.708552852
1493.6, 12795.6, 138.055206349
1493.7, 13239.1, 170.393925948
1493.8, 12505.5, 222.385363727
1493.9, 12852.0, 124.983198871
1494.0, 13377.2, 187.91849297
1494.1, 11923.3, 131.844643426
1494.2, 11913.6, 177.439116319
1494.3, 12817.2, 149.16822718
1494.4, 14102.6, 130.685270784
1494.5, 13135.0, 225.809211504
1494.6, 12471.2, 110.630737139
1494.7, 12008.3, 179.039129801
1494.8, 12791.0, 106.227115183
1494.9, 12373.1, 108.565602287
1495.0, 12113.7, 136.086038961
1495.1, 12268.6, 226.497328903
1495.2, 11993.7, 179.199358258
1495.3, 13100.7, 105.514027503
1495.4, 12852.6, 200.337814703
1495.5, 11935.6, 98.0369318165
1495.6, 13661.8, 290.391391057
1495.7, 12261.1, 164.591281665
1495.8, 13380.8, 131.518667876
1495.9, 14117.6, 142.76288033
1496.0, 13252.4, 177.580516949
1496.1, 13407.1, 60.4523779516
1496.2, 13143.5, 193.34696791
1496.3, 12418.3, 165.822827138
1496.4, 12445.0, 148.480975212
1496.5, 14818.0, 218.779340889
1496.6, 11755.8, 78.0855940619
1496.7, 12432.6, 227.936921099
1496.8, 12756.3, 155.255949966
1496.9, 13653.5, 296.866720937
1497.0, 12770.4, 260.108515816
1497.1, 12571.8, 229.311491208
1497.2, 13283.2, 136.887398982
1497.3, 11834.8, 219.576319306
1497.4, 14722.0, 253.986220099
1497.5, 12800.7, 174.091384049
1497.6, 11875.3, 257.702561105
1497.7, 12684.6, 126.527625442
1497.8, 13642.1, 195.675471125
1497.9, 12774.1, 137.360438264
1498.0, 12527.0, 247.127092809
1498.1, 12328.8, 140.772014264
1498.2, 12508.2, 142.365585729
1498.3, 12937.1, 112.223393283
1498.4, 14108.5, 160.563538825
1498.5, 12965.7, 168.042881432
1498.6, 14410.6, 88.7662097873
1498.7, 13700.8, 177.625336031
1498.8, 13801.9, 153.403683137
1498.9, 12874.3, 157.405241336
1499.0, 13301.7, 177.123713827
1499.1, 13761.1, 114.702615489
1499.2, 12584.3, 124.456458249
1499.3, 14010.8, 124.90620481
1499.4, 14155.2, 202.056823691
1499.5, 12280.3, 130.349568469
1499.6, 12757.4, 85.2821200487
1499.7, 12706.2, 174.85925769
1499.8, 13942.0, 121.794909582
1499.9, 12512.1, 111.662392953
1500.0, 12446.3, 180.547528369
1500.1, 13163.8, 121.811165334
1500.2, 14072.6, 230.797400332
1500.3, 13220.0, 201.749349441
1500.4, 12785.5, 281.058445879
1500.5, 13090.8, 162.947107983
1500.6, 12552.9, 178.367289602
1500.7, 14020.0, 243.882348685
1500.8, 13330.7, 224.859978653
1500.9, 13526.7, 253.699053999
1501.0, 13462.9, 199.142888399
1501.1, 13359.7, 167.174788769
1501.2, 13259.5, 153.602246077
1501.3, 13960.7, 224.194134624
1501.4, 13706.2, 189.78925154
1501.5, 12328.5, 148.191936353
1501.6, 12900.9, 201.70743665
1501.7, 12682.6, 159.963245779
1501.8, 13247.9, 228.859105128
1501.9, 13651.4, 189.837930878
1502.0, 12522.5, 149.347413771
1502.1, 13071.5, 141.875473567
1502.2, 12902.5, 211.325459895
1502.3, 13699.2, 155.858140628
1502.4, 12890.6, 161.704792755
1502.5, 13360.2, 189.436427331
1502.6, 13056.3, 228.884272068
1502.7, 13161.5, 270.533639313
1502.8, 12850.5, 198.471786408
1502.9, 12792.4, 194.012989256
1503.0, 12692.8, 257.409712326
1503.1, 13714.0, 177.583783043
1503.2, 13180.9, 238.399853188
1503.3, 12629.5, 261.430774776
1503.4, 13992.9, 199.143390551
1503.5, 13386.3, 140.435786038
1503.6, 12573.1, 289.626811604
1503.7, 13176.9, 207.566591724
1503.8, 12493.6, 234.669640133
1503.9, 12182.1, 290.838597851
1504.0, 12653.4, 89.2627581918
1504.1, 12316.8, 258.510657421
1504.2, 13551.8, 136.783624751
1504.3, 12422.2, 279.733373054
1504.4, 12074.1, 267.589031913
1504.5, 11857.4, 238.542742501
1504.6, 12276.5, 249.845252106
1504.7, 13400.1, 225.450859391
1504.8, 12430.9, 145.62860296
1504.9, 13316.6, 224.773752916
1505.0, 12072.2, 270.017703123
1505.1, 12811.7, 170.70210895
1505.2, 11884.9, 177.704501913
1505.3, 11865.7, 221.594246315
1505.4, 11972.3, 148.726628416
1505.5, 12278.9, 314.065104716
1505.6, 11535.9, 157.264395208
1505.7, 12310.2, 232.448187775
1505.8, 11748.5, 130.118599747
1505.9, 12393.2, 244.275991452
1506.0, 11591.4, 132.32172913
1506.1, 12424.0, 133.163808897
1506.2, 10862.3, 105.735566391
1506.3, 12302.6, 140.466508464
1506.4, 11489.9, 191.917404109
1506.5, 12328.4, 218.837016978
1506.6, 11259.2, 223.823055113
1506.7, 11736.4, 195.503043455
1506.8, 11218.1, 245.138919799
1506.9, 11587.4, 143.656674053
1507.0, 11608.1, 107.846604026
1507.1, 11335.2, 176.608493567
1507.2, 11458.9, 272.22764371
1507.3, 11488.6, 186.252087237
1507.4, 10909.4, 158.368683773
1507.5, 12262.9, 127.071200514
1507.6, 11129.1, 127.658489729
1507.7, 11814.0, 263.17218698
1507.8, 12503.2, 159.712116009
1507.9, 12144.5, 287.671774771
1508.0, 11809.3, 301.896356387
1508.1, 11943.1, 277.261410946
1508.2, 10779.7, 177.659815378
1508.3, 11494.4, 246.70152006
1508.4, 11811.3, 184.771778148
1508.5, 12666.5, 204.537649346
1508.6, 11628.0, 225.532259333
1508.7, 11426.5, 190.405488366
1508.8, 11800.1, 187.032858076
1508.9, 10991.4, 200.305366878
1509.0, 11510.3, 201.533148638
1509.1, 11450.5, 245.674276228
1509.2, 11680.7, 236.295598774
1509.3, 11242.3, 123.792608826
1509.4, 10764.3, 188.43144642
1509.5, 11329.9, 251.438441771
1509.6, 11442.9, 121.938878132
1509.7, 11499.3, 249.211175512
1509.8, 11251.7, 161.34438323
1509.9, 11494.5, 264.725234913
1510.0, 12101.0, 203.025121598
1510.1, 11337.2, 88.6958849102
1510.2, 11732.8, 301.159691858
1510.3, 11945.8, 157.100477402
1510.4, 11720.8, 201.679349463
1510.5, 11765.2, 230.088591634
1510.6, 12142.3, 188.32899405
1510.7, 11644.2, 115.759923981
1510.8, 11932.8, 201.412909219
1510.9, 11248.0, 259.962689631
1511.0, 11179.2, 194.540381412
1511.1, 11005.3, 197.032002477
1511.2, 12258.3, 237.72801686
1511.3, 11633.5, 231.689555224
1511.4, 11721.0, 209.739838848
1511.5, 11581.1, 169.629272238
1511.6, 12219.8, 220.986334419
1511.7, 11745.1, 102.467995003
1511.8, 12389.1, 194.085780005
1511.9, 11066.7, 121.600205592
1512.0, 12526.0, 109.388299191
1512.1, 12328.9, 169.347837305
1512.2, 11520.7, 227.297624273
1512.3, 11684.6, 59.4814256722
1512.4, 11524.9, 150.344570903
1512.5, 11022.0, 131.054187266
1512.6, 12022.3, 128.36670129
1512.7, 12668.9, 188.856268098
1512.8, 13235.3, 302.986814895
1512.9, 12367.4, 130.022459598
1513.0, 12751.2, 154.802325564
1513.1, 12188.7, 229.538689549
1513.2, 13355.7, 141.593820487
1513.3, 14375.7, 133.148826506
1513.4, 13565.8, 180.983866684
1513.5, 14758.6, 253.088205968
1513.6, 14357.3, 199.888493916
1513.7, 14596.5, 165.310163027
1513.8, 15509.3, 170.597215687
1513.9, 14237.3, 128.823949637
1514.0, 15095.8, 313.411167638
1514.1, 15987.6, 196.365068177
1514.2, 16960.5, 186.971789316
1514.3, 17158.3, 140.826169443
1514.4, 16772.3, 230.505986907
1514.5, 17094.7, 228.05264743
1514.6, 17186.7, 269.98112897
1514.7, 18518.2, 161.011055521
1514.8, 17618.1, 320.833430303
1514.9, 19066.2, 130.195852469
1515.0, 19410.6, 319.599499374
1515.1, 20537.0, 439.774032885
1515.2, 19925.9, 226.239894802
1515.3, 19172.6, 174.748505001
1515.4, 19638.2, 397.55497733
1515.5, 20158.7, 237.587899524
1515.6, 20261.3, 208.100961074
1515.7, 20779.0, 226.415547169
1515.8, 20705.6, 319.160210553
1515.9, 20114.1, 219.213799748
1516.0, 21029.4, 150.51325523
1516.1, 21065.2, 234.00034188
1516.2, 19212.2, 293.638144661
1516.3, 20326.0, 321.009034141
1516.4, 20171.6, 320.156899035
1516.5, 19677.5, 219.215533209
1516.6, 20668.3, 265.303241593
1516.7, 20417.6, 152.515048438
1516.8, 19525.1, 325.371310966
1516.9, 18175.5, 186.999064169
1517.0, 19789.7, 268.793619716
1517.1, 18250.4, 357.247869133
1517.2, 18452.6, 170.712155396
1517.3, 16967.6, 330.119735854
1517.4, 17180.6, 270.656682903
1517.5, 18124.5, 349.546634943
1517.6, 17532.7, 169.404279757
1517.7, 15957.9, 153.846969421
1517.8, 17831.3, 205.64583633
1517.9, 16891.6, 299.54371968
1518.0, 17106.4, 216.648655662
1518.1, 15762.9, 132.315872064
1518.2, 15767.4, 214.265816219
1518.3, 16151.6, 271.646166916
1518.4, 15147.6, 223.432405886
1518.5, 15420.5, 233.066192315
1518.6, 14725.9, 220.057924193
1518.7, 15032.0, 296.803975715
1518.8, 15925.1, 279.859411134
1518.9, 16027.7, 204.757441867
1519.0, 16130.0, 229.97217223
1519.1, 15264.1, 201.950216638
1519.2, 14886.4, 125.720483613
1519.3, 14370.7, 129.144918599
1519.4, 14241.1, 116.490729245
1519.5, 14884.8, 231.311824168
1519.6, 15630.5, 332.17352393
1519.7, 14372.2, 140.545224038
1519.8, 13839.3, 263.144086006
1519.9, 13764.2, 266.705380523
1520.0, 13617.6, 152.527505716
1520.1, 13955.8, 154.850766869
1520.2, 14142.9, 125.951141321
1520.3, 15637.8, 265.345359861
1520.4, 13700.8, 177.471575189
1520.5, 14943.9, 196.026248242
1520.6, 14527.5, 112.395951884
1520.7, 13952.1, 202.230784007
1520.8, 12961.2, 136.922459808
1520.9, 13101.6, 193.150304168
1521.0, 13737.5, 179.202818058
1521.1, 13462.0, 127.44253607
1521.2, 14184.7, 256.274871964
1521.3, 14828.9, 206.359613297
1521.4, 15119.4, 87.3340712437
1521.5, 14569.3, 255.698279228
1521.6, 13728.0, 128.275484797
1521.7, 13925.3, 259.651709026
1521.8, 15490.9, 280.922925373
1521.9, 14038.7, 177.679514858
1522.0, 14862.0, 209.169309412
1522.1, 14317.5, 195.343415553
1522.2, 13184.8, 198.178101717
1522.3, 14066.2, 188.204569551
1522.4, 13549.2, 282.615569281
1522.5, 12752.3, 88.7908215977
1522.6, 14840.2, 170.128657198
1522.7, 13957.6, 165.869346173
1522.8, 13862.5, 135.056469671
1522.9, 13667.9, 134.906226691
1523.0, 13035.5, 197.634637652
1523.1, 14000.2, 170.435794363
1523.2, 13695.2, 164.179048602
1523.3, 12167.4, 165.258101163
1523.4, 12961.7, 183.012048784
1523.5, 13401.1, 270.959203571
1523.6, 13566.4, 115.83367386
1523.7, 13696.6, 218.65141207
1523.8, 12414.6, 167.079142923
1523.9, 12730.5, 207.809167267
1524.0, 12682.6, 118.520209247
1524.1, 13214.2, 231.45790114
1524.2, 14339.8, 201.91473448
1524.3, 12441.7, 273.555862668
1524.4, 11970.6, 190.0201042
1524.5, 12929.6, 87.3592582386
1524.6, 13392.7, 134.258742732
1524.7, 11969.4, 135.879505445
1524.8, 12976.1, 97.8023005864
1524.9, 12116.0, 185.630816407
1525.0, 13694.2, 143.549851968
1525.1, 13989.5, 141.834586755
1525.2, 13276.1, 230.297828909
1525.3, 13420.8, 171.532387612
1525.4, 14223.8, 140.503238397
1525.5, 14283.9, 156.774647185
1525.6, 15185.5, 119.134587757
1525.7, 14365.6, 333.048104634
1525.8, 14755.5, 182.702079901
1525.9, 16310.7, 103.745891485
1526.0, 15419.0, 250.894798671
1526.1, 15302.9, 184.90454294
1526.2, 15641.8, 207.278942491
1526.3, 15451.5, 215.324522524
1526.4, 16071.1, 283.655583411
1526.5, 15531.8, 208.98554974
1526.6, 16466.4, 212.738430943
1526.7, 17699.6, 564.902150819
1526.8, 16116.9, 293.895032282
1526.9, 17805.9, 277.537547009
1527.0, 17750.9, 239.932678058
1527.1, 16456.3, 219.199019158
1527.2, 16623.9, 258.227206158
1527.3, 16968.5, 314.494912518
1527.4, 17872.8, 322.613018956
1527.5, 18434.3, 236.814294332
1527.6, 19467.7, 366.82912916
1527.7, 18607.4, 246.093153095
1527.8, 19678.2, 239.495219159
1527.9, 19951.0, 295.592286774
1528.0, 19321.0, 213.396813472
1528.1, 18720.2, 194.27547452
1528.2, 18530.3, 312.600079974
1528.3, 18775.9, 249.10979507
1528.4, 20357.8, 334.940233475
1528.5, 20287.5, 187.616230641
1528.6, 20972.6, 232.988926776
1528.7, 19594.0, 258.133298898
1528.8, 19696.5, 285.312898412
1528.9, 21678.6, 241.319373445
1529.0, 20647.8, 219.279638818
1529.1, 19493.3, 270.623003457
1529.2, 21224.8, 154.819120266
1529.3, 21303.1, 268.875231288
1529.4, 21160.1, 296.69123681
1529.5, 21559.5, 350.603265815
1529.6, 21229.0, 266.757942712
1529.7, 22433.0, 253.357060292
1529.8, 22461.1, 251.418157658
1529.9, 22543.1, 190.504304413
1530.0, 22549.5, 462.003084405
1530.1, 23218.1, 233.032379724
1530.2, 21084.7, 250.541034563
1530.3, 22298.2, 352.233956342
1530.4, 22428.0, 495.034746255
1530.5, 21219.4, 220.867924335
1530.6, 21156.8, 183.352556568
1530.7, 21274.2, 297.41277713
1530.8, 22441.8, 453.849049795
1530.9, 21259.5, 145.31637898
1531.0, 22321.6, 272.257304769
1531.1, 21387.4, 178.249375875
1531.2, 21250.3, 259.349590322
1531.3, 22482.6, 347.824725976
1531.4, 23021.0, 280.517379141
1531.5, 20917.0, 263.343501913
1531.6, 20542.0, 340.294872133
1531.7, 21128.5, 293.625697104
1531.8, 20115.9, 368.760477817
1531.9, 20963.9, 366.330301777
1532.0, 20260.8, 535.642754081
1532.1, 21070.2, 333.686319768
1532.2, 20441.6, 245.56555133
1532.3, 19697.0, 416.18625638
1532.4, 20224.7, 271.831951764
1532.5, 19250.5, 340.440964045
1532.6, 19163.4, 214.080452167
1532.7, 19633.4, 208.629911566
1532.8, 18328.2, 156.797193852
1532.9, 19676.1, 371.278992134
1533.0, 20414.6, 415.350502588
1533.1, 18070.0, 194.736231862
1533.2, 18099.8, 203.139754849
1533.3, 18491.1, 196.450731737
1533.4, 19183.3, 186.112358536
1533.5, 18055.2, 256.889392541
1533.6, 18099.1, 355.605807039
1533.7, 18351.2, 161.776265255
1533.8, 16284.0, 247.40614382
1533.9, 17530.3, 297.71531704
1534.0, 18126.7, 253.814912879
1534.1, 16827.2, 225.261536885
1534.2, 19623.7, 537.845340223
1534.3, 14999.3, 252.981442007
1534.4, 17543.6, 452.743017616
1534.5, 14840.6, 235.366182788
1534.6, 16888.2, 259.259252487
1534.7, 13421.4, 188.804766889
1534.8, 15900.7, 225.869896179
1534.9, 23220.6, 249.156657547
1535.0, 16029.8, 234.326609671
1535.1, 16501.9, 293.385224577
1535.2, 16072.2, 218.351459807
1535.3, 14891.4, 215.244605043
1535.4, 12825.9, 175.909891706
1535.5, 13491.4, 252.119495478
1535.6, 14766.4, 268.255177024
1535.7, 14813.0, 278.490215268
1535.8, 24283.8, 219.135483206
1535.9, 20376.5, 373.335840765
1536.0, 20547.6, 422.6772291
1536.1, 13100.9, 1006.70884073
1536.2, 12544.6, 551.150288034
1536.3, 24366.6, 1569.65640826
1536.4, 4177.9, 182.247331942
1536.5, 26597.6, 2107.69666698
1536.6, 41540.6, 748.715860657
1536.7, 116204.9, 1593.7438596
1536.8, 98831.5, 642.260266559
1536.9, 29001.3, 873.183606122
1537.0, 7294.6, 767.134955533
1537.1, 41579.1, 1389.72201897
1537.2, 16289.6, 1074.73068254
1537.3, 9866.5, 374.739175961
1537.4, 11722.3, 199.10050226
1537.5, 27943.8, 354.298123055
1537.6, 28858.1, 428.717494395
1537.7, 12460.5, 242.793430718
1537.8, 15756.8, 211.728977705
1537.9, 12083.7, 167.942281752
1538.0, 18621.9, 290.525541046
1538.1, 17162.2, 217.07915607
1538.2, 9950.1, 149.389725216
1538.3, 14798.2, 237.543175023
1538.4, 11332.3, 116.63108505
1538.5, 14655.6, 165.129161568
1538.6, 15050.6, 183.679176827
1538.7, 16169.9, 365.996024569
1538.8, 11468.0, 287.824946799
1538.9, 11047.3, 162.927621968
1539.0, 12644.5, 190.305675165
1539.1, 17835.5, 142.828743606
1539.2, 12574.1, 325.371003625
1539.3, 15955.7, 357.739584055
1539.4, 14306.9, 260.416378133
1539.5, 14927.6, 176.189216469
1539.6, 20539.7, 253.725855994
1539.7, 13226.0, 208.058164944
1539.8, 16143.3, 321.372696413
1539.9, 10707.0, 152.762560858
1540.0, 13323.1, 227.660031626
1540.1, 11229.5, 208.425166427
1540.2, 16439.8, 248.282419837
1540.3, 18130.2, 213.780635232
1540.4, 11876.3, 397.212046645
1540.5, 15196.1, 434.35894143
1540.6, 12627.6, 349.028422911
1540.7, 11373.2, 248.367389164
1540.8, 15644.9, 207.3
1540.9, 21551.7, 335.085078749
1541.0, 19654.2, 589.090451459
1541.1, 14396.0, 280.151030696
1541.2, 12447.6, 172.736330863
1541.3, 21105.8, 617.622344155
1541.4, 16526.1, 180.491800368
1541.5, 22346.4, 7928.17192296
1541.6, 14301.4, 270.480387459
1541.7, 8649.3, 107.931506058
1541.8, 17931.7, 314.191040611
1541.9, 9208.1, 215.685627708
1542.0, 22391.6, 176.922694983
1542.1, 13611.2, 175.609680827
1542.2, 20795.8, 532.115551361
1542.3, 20116.9, 257.472503386
1542.4, 19033.4, 419.240551474
1542.5, 8093.2, 247.87811521
1542.6, 16395.1, 211.974267306
1542.7, 11461.0, 3525.41685478
1542.8, 22842.9, 219.862889092
1542.9, 18914.3, 268.77650567
1543.0, 7258.8, 589.164968409
1543.1, 11050.8, 252.524771062
1543.2, 17934.5, 818.135471667
1543.3, 13945.4, 199.907078414
1543.4, 17679.9, 413.797643783
1543.5, 15348.3, 272.11029014
1543.6, 27859.2, 1878.29900708
1543.7, 30234.5, 1390.22388485
1543.8, 4899.5, 576.179355757
1543.9, 15559.4, 1403.74016114
1544.0, 32939.0, 975.241918705
1544.1, 19220.3, 1408.55550476
1544.2, 62924.9, 956.908611101
1544.3, 6347.7, 899.685283863
1544.4, 38271.1, 941.89770676
1544.5, 41746.3, 1424.13180921
1544.6, 15824.9, 676.100650791
1544.7, 9429.5, 250.895695459
1544.8, 22310.1, 317.765149127
1544.9, 13409.7, 407.293027193
1545.0, 19627.0, 309.07183631
1545.1, 11400.8, 164.559290227
1545.2, 16369.7, 610.979058561
1545.3, 17776.4, 333.569243186
1545.4, 13033.3, 116.7459207
1545.5, 15795.2, 399.927693465
1545.6, 17610.1, 425.104798844
1545.7, 15672.6, 206.6084219
1545.8, 11242.1, 117.374145364
1545.9, 12678.9, 130.09646421
1546.0, 12600.6, 214.817224635
1546.1, 21352.6, 325.620699588
1546.2, 21838.7, 607.955763193
1546.3, 95761.4, 2986.57259078
1546.4, 57784.1, 1969.05324712
1546.5, 27082.1, 1295.50541875
1546.6, 10688.2, 154.45245223
1546.7, 10228.0, 227.716051257
1546.8, 12866.2, 234.485308708
1546.9, 22729.6, 298.843169572
1547.0, 7947.2, 329.693736671
1547.1, 12904.1, 167.313747194
1547.2, 11227.4, 176.081344838
1547.3, 69889.3, 1026.24403043
1547.4, 37143.4, 1289.15307082
1547.5, 14142.0, 453.187599124
1547.6, 13906.6, 329.880948222
1547.7, 15222.1, 340.230054522
1547.8, 8902.8, 430.425556862
1547.9, 10732.1, 188.396629482
1548.0, 9448.9, 192.822949879
1548.1, 13627.6, 123.165092457
1548.2, 11860.2, 208.549178852
1548.3, 12490.9, 372.622718041
1548.4, 16650.4, 507.282209426
1548.5, 11451.4, 179.908976986
1548.6, 11256.9, 193.367241279
1548.7, 12382.8, 739.625959523
1548.8, 14519.9, 271.505230152
1548.9, 15865.1, 391.635404426
1549.0, 46525.8, 1115.48651269
1549.1, 61310.8, 1978.53060628
1549.2, 14047.4, 471.434025077
1549.3, 36772.8, 977.2942034
1549.4, 426661.7, 11994.0731784
1549.5, 291346.0, 2313.15403724
1549.6, 145641.1, 3898.5209875
Set Lambda Dowm (nm), Detector 5 (cts/s), Error Counts
1549.6, 166928.8, 10574.5221433
1549.5, 275789.5, 4021.64834987
1549.4, 428362.7, 27697.2118382
1549.3, 36068.6, 778.255896219
1549.2, 18757.7, 262.4557296
1549.1, 24858.5, 718.209614249
1549.0, 41794.5, 348.522954768
1548.9, 15946.2, 221.556674465
1548.8, 13918.9, 371.137292656
1548.7, 10859.3, 531.035789754
1548.6, 11469.6, 162.135868949
1548.5, 11208.0, 191.531198503
1548.4, 14777.4, 629.404829978
1548.3, 9906.0, 472.022245239
1548.2, 14406.9, 245.491527349
1548.1, 13020.0, 230.072597238
1548.0, 8408.5, 269.058450899
1547.9, 9481.1, 140.60615207
1547.8, 7255.9, 612.895007322
1547.7, 14699.5, 413.297048139
1547.6, 13213.0, 431.461933431
1547.5, 13710.6, 168.505311489
1547.4, 24250.5, 760.659089211
1547.3, 66593.1, 1253.22204337
1547.2, 14931.3, 408.451722973
1547.1, 15186.2, 127.286134359
1547.0, 11017.7, 374.984813026
1546.9, 22440.4, 433.945434358
1546.8, 13567.4, 210.513277491
1546.7, 14044.4, 155.765978314
1546.6, 13663.8, 373.452486938
1546.5, 38885.6, 2161.83728342
1546.4, 92311.8, 1393.01908099
1546.3, 102903.1, 2034.03886148
1546.2, 25625.2, 774.550811761
1546.1, 23825.6, 381.497365653
1546.0, 14456.0, 259.540748246
1545.9, 16301.8, 213.419680442
1545.8, 16608.5, 238.935242273
1545.7, 16222.0, 181.700853052
1545.6, 14028.1, 452.544903849
1545.5, 12849.5, 536.598406632
1545.4, 18356.2, 203.145662026
1545.3, 10822.7, 157.19990458
1545.2, 19626.8, 226.86462924
1545.1, 18712.1, 450.222711555
1545.0, 18084.2, 543.804891482
1544.9, 19333.0, 257.02178896
1544.8, 20151.6, 317.435410753
1544.7, 20373.1, 201.731727797
1544.6, 36334.0, 3131.5330431
1544.5, 25832.7, 597.87808958
1544.4, 41219.0, 1057.67026998
1544.3, 26562.2, 1492.73284951
1544.2, 36423.3, 2037.90480887
1544.1, 18248.5, 409.960790808
1544.0, 41696.2, 749.160303273
1543.9, 40354.9, 2455.07912092
1543.8, 38964.8, 2138.02417199
1543.7, 26254.9, 1343.2368704
1543.6, 9915.6, 350.304496117
1543.5, 16539.4, 494.33919529
1543.4, 27341.6, 740.360749905
1543.3, 17565.3, 378.606933375
1543.2, 39354.2, 786.309201269
1543.1, 30524.4, 459.955693518
1543.0, 37982.6, 2115.50221933
1542.9, 29695.2, 824.94251921
1542.8, 28739.8, 990.452603611
1542.7, 21172.8, 203.206692803
1542.6, 30722.7, 493.190642653
1542.5, 18184.4, 1194.73680784
1542.4, 28986.7, 422.053089078
1542.3, 32601.7, 318.657512072
1542.2, 34159.7, 400.783994191
1542.1, 17801.1, 325.263416326
1542.0, 28201.9, 304.381159075
1541.9, 17236.3, 491.169431052
1541.8, 25969.5, 721.86608869
1541.7, 19642.9, 109.636171039
1541.6, 23948.9, 310.35735854
1541.5, 22532.0, 265.746119445
1541.4, 23205.2, 520.970210281
1541.3, 28184.8, 1383.67314059
1541.2, 16306.7, 201.609548385
1541.1, 25711.3, 627.458054375
1541.0, 23510.4, 292.413474382
1540.9, 26685.1, 259.944782598
1540.8, 25073.4, 181.957797305
1540.7, 17524.3, 243.549194209
1540.6, 18111.0, 298.230447808
1540.5, 23156.4, 346.383660123
1540.4, 19079.4, 242.615003658
1540.3, 25201.7, 285.86362133
1540.2, 21016.8, 417.389937588
1540.1, 13991.3, 155.842901667
1540.0, 18194.0, 503.440761163
1539.9, 18980.2, 210.71630217
1539.8, 26916.7, 403.59015102
1539.7, 21459.9, 325.111196362
1539.6, 30650.0, 319.05798846
1539.5, 25882.3, 419.86570472
1539.4, 19428.9, 264.467937565
1539.3, 18960.8, 247.87085347
1539.2, 18956.9, 313.745581642
1539.1, 22925.6, 366.897860446
1539.0, 18446.3, 178.307066601
1538.9, 19531.4, 517.206767164
1538.8, 18329.3, 277.010126169
1538.7, 18834.7, 131.885594361
1538.6, 21039.0, 283.402187712
1538.5, 20119.5, 393.351051861
1538.4, 20610.4, 268.685764416
1538.3, 23949.9, 233.156792738
1538.2, 17029.4, 443.70039441
1538.1, 23194.8, 311.97878133
1538.0, 26727.0, 354.462409855
1537.9, 16666.7, 138.061616679
1537.8, 21387.2, 577.616620259
1537.7, 17137.6, 221.216274266
1537.6, 32520.3, 496.608910512
1537.5, 29238.5, 341.933692402
1537.4, 25341.6, 270.992324615
1537.3, 20467.2, 842.069332062
1537.2, 20566.9, 755.132233453
1537.1, 21327.1, 1355.13899287
1537.0, 26485.6, 2008.68779057
1536.9, 41925.0, 915.673631814
1536.8, 80176.4, 3048.02530173
1536.7, 100400.1, 1862.21112928
1536.6, 27706.9, 1179.1510039
1536.5, 22858.1, 1714.91763359
1536.4, 16156.0, 1583.65570753
1536.3, 49785.2, 1758.45590221
1536.2, 28661.4, 460.383796413
1536.1, 14961.7, 199.650720009
1536.0, 27386.3, 579.77393008
1535.9, 20761.8, 389.798358129
1535.8, 21828.1, 850.955280846
1535.7, 22006.3, 231.207287947
1535.6, 17665.7, 269.255287785
1535.5, 16323.5, 306.494779727
1535.4, 13493.7, 298.545490671
1535.3, 16510.1, 163.101471483
1535.2, 13970.7, 176.164724051
1535.1, 20994.0, 267.595590397
1535.0, 19233.2, 280.531923317
1534.9, 23946.4, 746.052035719
1534.8, 18230.1, 199.669952672
1534.7, 17200.5, 277.532430537
1534.6, 18510.3, 263.080615021
1534.5, 17157.3, 166.602551001
1534.4, 15105.9, 337.423013442
1534.3, 15005.4, 252.439774996
1534.2, 14681.8, 276.505623813
1534.1, 16063.4, 233.242877705
1534.0, 18303.5, 235.439270301
1533.9, 16967.4, 328.435138193
1533.8, 18434.7, 273.132586851
1533.7, 18998.2, 231.541702507
1533.6, 17750.0, 260.284075579
1533.5, 15759.4, 165.276858634
1533.4, 18277.2, 291.568105252
1533.3, 18065.7, 178.56206204
1533.2, 18585.1, 291.186349268
1533.1, 17424.3, 265.313795344
1533.0, 18749.2, 212.845389896
1532.9, 18919.1, 180.146301655
1532.8, 17584.9, 168.98192211
1532.7, 17916.5, 230.099652325
1532.6, 18206.1, 211.413079066
1532.5, 17587.3, 263.317318078
1532.4, 18534.6, 185.040103761
1532.3, 17871.3, 236.764461016
1532.2, 17997.5, 124.771992049
1532.1, 17873.9, 431.148802619
1532.0, 17624.0, 156.5669186
1531.9, 18195.2, 335.191527339
1531.8, 17098.8, 272.074916154
1531.7, 18205.0, 241.145184484
1531.6, 17558.7, 203.391764828
1531.5, 18572.2, 173.928606043
1531.4, 19678.0, 287.717222286
1531.3, 18845.3, 174.909147845
1531.2, 17344.9, 201.842240376
1531.1, 17901.4, 242.131038902
1531.0, 18848.7, 177.552273993
1530.9, 18372.4, 279.474220636
1530.8, 19322.6, 351.12909307
1530.7, 18130.2, 239.634638565
1530.6, 16427.8, 260.639521178
1530.5, 17600.4, 486.809038536
1530.4, 18050.5, 238.930638471
1530.3, 18238.4, 204.888359845
1530.2, 17707.4, 163.402692756
1530.1, 19779.6, 257.082554834
1530.0, 18057.9, 523.312421026
1529.9, 18744.3, 183.914137575
1529.8, 19083.4, 151.820420234
1529.7, 18840.9, 184.428007634
1529.6, 18964.9, 243.731594177
1529.5, 18010.7, 165.313671546
1529.4, 18168.3, 505.673026767
1529.3, 19680.6, 193.437948707
1529.2, 19638.3, 177.838719069
1529.1, 16716.7, 171.327201576
1529.0, 18233.0, 253.149758048
1528.9, 19218.9, 329.392911278
1528.8, 17375.2, 125.285913015
1528.7, 18005.8, 223.00798192
1528.6, 18175.7, 281.114229451
1528.5, 18656.0, 247.933458815
1528.4, 18787.1, 179.95913425
1528.3, 17257.8, 227.369215155
1528.2, 17795.1, 168.830358644
1528.1, 17356.3, 146.427490588
1528.0, 19451.8, 203.731097283
1527.9, 18789.6, 137.473779318
1527.8, 19687.2, 166.936395073
1527.7, 20016.3, 187.87498503
1527.6, 19687.3, 216.265600593
1527.5, 17762.7, 224.572950286
1527.4, 17944.4, 151.918530799
1527.3, 19756.1, 215.72410621
1527.2, 18968.4, 142.111364781
1527.1, 17519.2, 177.259583662
1527.0, 18050.8, 150.26895887
1526.9, 18203.2, 178.219976434
1526.8, 18778.8, 154.737713567
1526.7, 19540.1, 265.478605541
1526.6, 19353.7, 186.730313554
1526.5, 18709.5, 204.296965225
1526.4, 18089.8, 239.556590391
1526.3, 17155.2, 92.2104115596
1526.2, 18564.2, 211.558880693
1526.1, 18540.5, 200.631627616
1526.0, 17852.3, 172.44190326
1525.9, 21106.4, 226.306959681
1525.8, 18104.6, 206.45493455
1525.7, 18793.0, 164.064011898
1525.6, 19659.7, 221.025360536
1525.5, 18019.5, 151.537619092
1525.4, 17871.9, 302.311577681
1525.3, 19769.4, 192.773027159
1525.2, 18185.8, 236.86232288
1525.1, 19176.3, 252.075008678
1525.0, 18107.6, 312.343784955
1524.9, 17730.9, 164.292087454
1524.8, 17575.5, 215.492575278
1524.7, 17554.7, 165.201725173
1524.6, 18107.5, 181.039912726
1524.5, 18627.5, 174.090350106
1524.4, 17829.8, 190.177180545
1524.3, 17394.1, 147.166878067
1524.2, 18816.2, 231.773078678
1524.1, 16968.5, 219.341400561
1524.0, 17971.7, 236.304485781
1523.9, 17441.3, 267.421035074
1523.8, 17129.7, 108.562470495
1523.7, 16591.3, 242.212324212
1523.6, 17792.0, 155.290051195
1523.5, 17173.6, 214.907980308
1523.4, 17691.9, 145.673230211
1523.3, 16349.0, 275.811167287
1523.2, 18461.5, 246.70072963
1523.1, 17795.3, 224.066530298
1523.0, 17634.7, 240.445856691
1522.9, 17153.0, 218.48432438
1522.8, 16990.9, 229.198363869
1522.7, 16909.1, 268.19711035
1522.6, 18524.6, 131.422372525
1522.5, 17239.4, 220.960267922
1522.4, 16131.1, 272.620413762
1522.3, 16357.6, 231.188321504
1522.2, 17571.7, 295.888509409
1522.1, 16402.7, 175.678143205
1522.0, 16758.8, 165.926971888
1521.9, 17707.4, 161.483249905
1521.8, 18763.8, 242.97810601
1521.7, 16143.1, 253.856829729
1521.6, 17194.2, 206.326828115
1521.5, 17331.4, 238.074022102
1521.4, 16747.9, 272.197520194
1521.3, 17187.4, 276.553864554
1521.2, 17580.5, 254.298741641
1521.1, 17097.3, 205.084884865
1521.0, 17077.0, 199.339910705
1520.9, 16302.9, 217.738122523
1520.8, 16764.3, 200.488428594
1520.7, 17530.1, 130.246266741
1520.6, 17486.6, 357.128044264
1520.5, 17473.0, 174.234324976
1520.4, 16827.9, 127.307855217
1520.3, 17430.8, 72.3198451326
1520.2, 17814.8, 138.177277437
1520.1, 17643.2, 198.943107445
1520.0, 17542.3, 75.8789167029
1519.9, 16934.4, 170.584407259
1519.8, 16926.2, 164.757882968
1519.7, 16979.1, 178.617720286
1519.6, 16970.5, 426.092067516
1519.5, 17405.5, 267.470839532
1519.4, 17451.5, 226.113356527
1519.3, 16650.2, 177.081789013
1519.2, 17157.4, 183.605119754
1519.1, 17811.9, 176.091141174
1519.0, 16778.8, 189.158557829
1518.9, 16823.7, 295.800963487
1518.8, 16528.9, 215.735694775
1518.7, 17112.6, 336.997388714
1518.6, 16948.6, 284.64792288
1518.5, 16615.0, 215.938880242
1518.4, 16396.3, 203.605525465
1518.3, 18165.3, 275.303123847
1518.2, 17613.8, 200.793326582
1518.1, 17170.2, 282.027941878
1518.0, 16969.2, 295.609810392
1517.9, 17543.4, 208.350761938
1517.8, 17187.4, 150.636781697
1517.7, 16132.5, 274.046437671
1517.6, 17059.2, 202.409387134
1517.5, 17936.3, 203.539701287
1517.4, 16060.0, 128.13430454
1517.3, 15518.7, 133.307201606
1517.2, 15578.5, 235.947981555
1517.1, 16175.3, 174.129291045
1517.0, 16511.8, 225.354742573
1516.9, 15958.5, 188.842394605
1516.8, 16518.1, 211.715587523
1516.7, 16841.4, 222.236900626
1516.6, 16176.7, 381.038331405
1516.5, 16774.0, 247.456258761
1516.4, 16711.8, 261.057771384
1516.3, 16634.9, 321.292841501
1516.2, 15524.2, 315.468794019
1516.1, 16967.4, 251.491630079
1516.0, 17452.2, 233.95161893
1515.9, 16694.5, 144.27629743
1515.8, 17038.8, 188.007872176
1515.7, 16593.9, 183.138990933
1515.6, 16782.1, 170.008499788
1515.5, 16041.1, 338.339016373
1515.4, 16537.4, 331.331012735
1515.3, 16340.8, 315.885992092
1515.2, 17548.4, 245.537451319
1515.1, 18130.9, 266.636250349
1515.0, 17709.7, 217.800849401
1514.9, 17564.7, 152.421159948
1514.8, 16876.2, 294.080533188
1514.7, 18132.5, 262.761964523
1514.6, 17287.0, 249.334313724
1514.5, 16632.7, 177.963507495
1514.4, 16997.1, 210.299524488
1514.3, 17788.4, 288.03201211
1514.2, 17580.0, 353.656895875
1514.1, 17696.3, 175.689527292
1514.0, 17768.5, 176.575338029
1513.9, 17979.2, 160.776739611
1513.8, 18317.2, 215.122197832
1513.7, 19813.8, 225.947250481
1513.6, 18623.9, 188.758284586
1513.5, 19232.8, 292.155711907
1513.4, 19141.6, 146.089150863
1513.3, 18811.9, 207.216046676
1513.2, 18460.3, 197.665905001
1513.1, 19104.6, 191.225625898
1513.0, 18801.1, 217.135188304
1512.9, 19446.6, 315.064501333
1512.8, 19759.4, 220.509954424
1512.7, 20034.6, 184.966591578
1512.6, 19726.9, 265.720322896
1512.5, 18648.3, 160.11998626
1512.4, 19377.8, 161.479286597
1512.3, 19623.5, 256.69680559
1512.2, 19514.4, 281.50602125
1512.1, 20758.0, 384.586271206
1512.0, 20961.7, 160.335304908
1511.9, 19058.9, 231.071612276
1511.8, 21096.3, 322.474200518
1511.7, 20247.4, 220.939448718
1511.6, 21036.5, 292.206861658
1511.5, 20092.1, 177.209170192
1511.4, 21039.0, 215.565303331
1511.3, 20884.7, 178.797119664
1511.2, 21545.9, 182.4710662
1511.1, 19185.3, 177.062728997
1511.0, 19909.6, 165.353681544
1510.9, 19652.1, 236.996392378
1510.8, 20203.9, 279.873703659
1510.7, 19986.6, 196.776116437
1510.6, 20208.6, 208.855069366
1510.5, 19542.6, 226.766928806
1510.4, 20054.4, 244.938849511
1510.3, 20206.8, 247.984999546
1510.2, 20383.3, 266.187170991
1510.1, 19075.8, 99.1542233089
1510.0, 20362.4, 256.970114994
1509.9, 19734.6, 201.356499771
1509.8, 19394.7, 181.936280054
1509.7, 18077.1, 165.590730417
1509.6, 18190.0, 158.552199606
1509.5, 18394.6, 201.272551531
1509.4, 18380.6, 164.792718286
1509.3, 17276.0, 188.673792563
1509.2, 17849.1, 135.534829472
1509.1, 17522.5, 311.232790689
1509.0, 18084.6, 172.961382973
1508.9, 17564.5, 192.474543771
1508.8, 17794.2, 136.747797057
1508.7, 15872.7, 198.723451057
1508.6, 17847.1, 103.085838019
1508.5, 16314.5, 166.110956893
1508.4, 16215.7, 208.709870394
1508.3, 16603.9, 142.685983895
1508.2, 16542.3, 97.5971823364
1508.1, 15796.2, 146.735680732
1508.0, 17170.8, 141.548436939
1507.9, 16492.1, 135.245295667
1507.8, 16214.7, 131.322541858
1507.7, 15744.5, 91.908922309
1507.6, 16568.5, 146.913750207
1507.5, 16384.7, 119.839100464
1507.4, 15499.3, 191.526003456
1507.3, 16523.4, 152.502590142
1507.2, 16325.2, 142.859931401
1507.1, 15894.5, 255.157696337
1507.0, 15134.2, 310.24274367
1506.9, 16400.7, 157.45351695
1506.8, 15371.2, 79.2499842271
1506.7, 15493.6, 163.301684008
1506.6, 13828.7, 131.222749552
1506.5, 14772.3, 131.960638071
1506.4, 14575.8, 157.828261094
1506.3, 15787.9, 189.040445408
1506.2, 16267.3, 146.335949103
1506.1, 14710.1, 131.138438301
1506.0, 14449.9, 135.55327366
1505.9, 16727.5, 132.317232438
1505.8, 15177.6, 109.941075127
1505.7, 13811.6, 167.899493746
1505.6, 16302.3, 142.607888982
1505.5, 14797.7, 120.243960347
1505.4, 15503.5, 147.877144955
1505.3, 16910.1, 136.661955203
1505.2, 15937.6, 165.423819325
1505.1, 15293.0, 167.933320101
1505.0, 15702.0, 116.762151402
1504.9, 13785.7, 168.005982036
1504.8, 13919.0, 103.670632293
1504.7, 14334.7, 178.315478857
1504.6, 16465.2, 165.838958029
1504.5, 15165.9, 147.996249952
1504.4, 15558.6, 70.4161913199
1504.3, 17024.4, 164.048285575
1504.2, 15324.9, 164.001493896
1504.1, 14255.9, 234.54357804
1504.0, 15397.5, 327.338738923
1503.9, 15429.2, 169.318516412
1503.8, 16336.5, 169.072913265
1503.7, 14019.9, 116.968756512
1503.6, 16250.8, 217.32362964
1503.5, 15714.0, 274.945812843
1503.4, 14092.0, 134.066401458
1503.3, 15586.0, 172.359508006
1503.2, 14986.3, 108.112950196
1503.1, 14519.5, 125.65528242
1503.0, 15798.1, 164.931773773
1502.9, 15717.1, 167.885347782
1502.8, 15661.6, 127.853197066
1502.7, 15246.4, 205.251163212
1502.6, 15004.6, 142.419240273
1502.5, 15794.0, 172.116820793
1502.4, 16003.9, 152.440447388
1502.3, 13852.3, 171.642098566
1502.2, 15926.7, 129.343766761
1502.1, 15538.1, 145.842689224
1502.0, 15692.6, 139.141079484
1501.9, 14624.0, 145.079977943
1501.8, 14784.8, 123.412154993
1501.7, 15763.3, 200.697309399
1501.6, 15376.0, 133.589670259
1501.5, 16979.6, 163.709620976
1501.4, 14960.2, 97.2150194157
1501.3, 16250.0, 125.828454652
1501.2, 14999.8, 157.342810449
1501.1, 15256.1, 189.618274436
1501.0, 15151.8, 142.196905733
1500.9, 16903.4, 173.288314667
1500.8, 15618.1, 164.03441712
1500.7, 14790.7, 91.1120738432
1500.6, 16007.7, 82.5021817893
1500.5, 15660.9, 154.489125831
1500.4, 16693.0, 187.202029904
1500.3, 14630.3, 169.591302843
1500.2, 15317.5, 129.972497091
1500.1, 15734.3, 215.410793601
1500.0, 17415.4, 154.955606546
1499.9, 16019.1, 138.652407119
1499.8, 16768.7, 118.006821837
1499.7, 16227.0, 126.21093455
1499.6, 18217.9, 159.492601709
1499.5, 16764.6, 144.64729517
1499.4, 17457.1, 214.151558481
1499.3, 16807.5, 227.758314887
1499.2, 16427.7, 184.972457409
1499.1, 15700.7, 207.667065275
1499.0, 17176.7, 176.521981634
1498.9, 16943.9, 137.809615049
1498.8, 16992.9, 112.679589989
1498.7, 17278.2, 176.971636145
1498.6, 16430.0, 290.3232681
1498.5, 16809.1, 172.73068633
1498.4, 17851.1, 260.133215872
1498.3, 16912.7, 221.147936911
1498.2, 16482.0, 155.475399983
1498.1, 18623.8, 148.148439074
1498.0, 17363.1, 130.051874266
1497.9, 17369.6, 223.02520037
1497.8, 18474.4, 212.382296814
1497.7, 18998.0, 229.446725843
1497.6, 18207.5, 212.049640415
1497.5, 19317.8, 212.652674566
1497.4, 17894.4, 219.604280468
1497.3, 19118.0, 201.491935322
1497.2, 19378.2, 229.925118245
1497.1, 18916.6, 245.858170497
1497.0, 19555.2, 81.9936582914
1496.9, 18176.9, 163.838609613
1496.8, 19145.9, 208.595997085
1496.7, 18717.5, 269.334828791
1496.6, 18401.4, 156.202560798
1496.5, 18783.4, 271.658682909
1496.4, 20294.0, 166.252819525
1496.3, 18844.5, 176.502832838
1496.2, 19778.5, 251.29633901
1496.1, 19038.2, 196.096812825
1496.0, 19708.9, 133.224960124
1495.9, 19214.8, 188.55333463
1495.8, 18534.1, 127.002716506
1495.7, 18334.8, 134.207898426
1495.6, 19508.0, 246.46176174
1495.5, 20351.1, 200.2260972
1495.4, 21300.5, 182.075945693
1495.3, 19261.6, 266.804872519
1495.2, 19582.7, 204.75890701
1495.1, 21011.4, 235.331765812
1495.0, 20062.9, 171.260882866
1494.9, 19537.6, 153.169970947
1494.8, 20591.7, 1243.41787425
1494.7, 20424.0, 412.365129467
1494.6, 18760.6, 262.524741691
1494.5, 20209.2, 282.416288482
1494.4, 19936.5, 209.112051303
1494.3, 19817.3, 377.192271925
1494.2, 18918.3, 199.697796683
1494.1, 19455.8, 211.512080033
1494.0, 20174.5, 338.349301758
1493.9, 20220.8, 83.3112237337
1493.8, 20296.5, 260.770109483
1493.7, 20825.0, 338.779279177
1493.6, 20040.3, 237.644713806
1493.5, 20387.2, 239.996999981
1493.4, 21128.2, 257.729625771
1493.3, 21353.2, 412.483890595
1493.2, 21112.2, 193.666620769
1493.1, 19951.1, 215.799189062
1493.0, 19861.0, 318.220049651
1492.9, 20437.7, 166.829284
1492.8, 19490.2, 325.997484653
1492.7, 20111.3, 226.978435099
1492.6, 20201.1, 144.715894082
1492.5, 19265.3, 161.894440918
1492.4, 19227.1, 303.611412829
1492.3, 19865.0, 363.078503908
1492.2, 18008.6, 365.492872708
1492.1, 19457.9, 400.416146028
1492.0, 16479.3, 490.480386968
1491.9, 20282.5, 298.868616619
1491.8, 18251.2, 305.878668756
1491.7, 18499.2, 231.550340099
1491.6, 18957.7, 330.01759044
1491.5, 17796.0, 107.812800724
1491.4, 18996.4, 247.9129686
1491.3, 18036.8, 254.091243454
1491.2, 17847.3, 625.601638425
1491.1, 18393.5, 184.634368415
1491.0, 18550.0, 299.895315068
1490.9, 16596.2, 245.091329916
1490.8, 17736.4, 402.188811381
1490.7, 16106.2, 130.10595682
1490.6, 19168.8, 262.326056655
1490.5, 17083.5, 444.344517239
1490.4, 16643.9, 164.074038166
1490.3, 16734.7, 252.269716772
1490.2, 16805.2, 135.26551667
1490.1, 17834.8, 315.034855214
1490.0, 16814.2, 313.416272711
1489.9, 16546.5, 236.729486968
1489.8, 16904.0, 227.638309605
1489.7, 18710.3, 427.638644185
1489.6, 16415.2, 304.532691184
1489.5, 17035.8, 261.448962515
1489.4, 15140.7, 265.315302989
1489.3, 15786.5, 117.722767552
1489.2, 17405.1, 365.499233925
1489.1, 16538.5, 254.262954439
1489.0, 15977.0, 204.034800953
1488.9, 17494.6, 162.338042368
1488.8, 14427.2, 437.828002759
1488.7, 17783.1, 322.46719213
1488.6, 14920.6, 243.872589686
1488.5, 15052.5, 251.672108109
1488.4, 16273.2, 292.896500491
1488.3, 16417.0, 211.881570695
1488.2, 16137.4, 411.442389649
1488.1, 15368.6, 204.362031699
1488.0, 13580.9, 216.398451935
1487.9, 16573.1, 206.787547981
1487.8, 16569.1, 236.947019395
1487.7, 13812.7, 264.355461453
1487.6, 16224.4, 252.697922429
1487.5, 14348.0, 149.831905814
1487.4, 16230.3, 315.919625854
1487.3, 13101.6, 188.52543595
1487.2, 13917.1, 114.528991963
1487.1, 14815.1, 360.086225785
1487.0, 15835.0, 196.377697308
1486.9, 15883.9, 235.838694874
1486.8, 14844.9, 209.013133559
1486.7, 13965.2, 166.046258615
1486.6, 16932.9, 233.490235342
1486.5, 13489.0, 167.627563366
1486.4, 14262.6, 143.160189997
1486.3, 15806.8, 299.543586144
1486.2, 13904.2, 140.532416189
1486.1, 14931.1, 176.456481887
1486.0, 15128.2, 166.578990272
1485.9, 15070.9, 178.785597854
1485.8, 16041.5, 205.172244712
1485.7, 12132.4, 354.613930916
1485.6, 13831.4, 156.308796937
1485.5, 14103.9, 75.7633816563
1485.4, 14526.6, 234.625744538
1485.3, 14586.4, 153.524069774
1485.2, 13120.7, 225.164406601
1485.1, 13561.6, 139.982284593
1485.0, 14291.1, 245.15074954
1484.9, 16480.2, 281.391115709
1484.8, 13955.9, 267.732870601
1484.7, 15912.8, 211.044924128
1484.6, 14761.0, 242.235835499
1484.5, 15497.8, 126.656069732
1484.4, 15691.9, 133.62368802
1484.3, 15803.2, 210.974311232
1484.2, 13912.7, 307.599756177
1484.1, 12794.5, 106.613554485
1484.0, 12871.6, 204.402152631
1483.9, 13717.6, 215.548695194
1483.8, 14747.2, 155.596143911
1483.7, 15595.1, 207.831879172
1483.6, 16341.3, 248.279701144
1483.5, 15778.9, 206.460867963
1483.4, 15655.5, 178.445089593
1483.3, 15554.7, 355.232050919
1483.2, 13877.5, 195.404324415
1483.1, 14262.1, 113.153391465
1483.0, 15513.2, 172.245638551
1482.9, 16471.4, 176.265821985
1482.8, 15790.6, 334.475469953
1482.7, 14507.4, 202.93112132
1482.6, 14833.6, 156.786606571
1482.5, 14191.2, 364.342091996
1482.4, 13582.3, 121.076876405
1482.3, 12660.2, 217.553579607
1482.2, 14142.6, 243.285511283
1482.1, 15910.0, 324.170017121
1482.0, 15744.7, 171.979679032
1481.9, 15352.4, 158.518894773
1481.8, 15713.5, 215.839871201
1481.7, 16795.1, 291.875127409
1481.6, 15443.4, 253.357928631
1481.5, 13271.3, 248.205177222
1481.4, 15776.1, 403.114983596
1481.3, 16491.3, 276.989548539
1481.2, 14296.6, 225.944329427
1481.1, 14506.8, 163.023801943
1481.0, 17396.0, 344.267047508
1480.9, 14051.5, 512.774463093
1480.8, 14880.7, 235.002574454
1480.7, 14867.1, 264.995641474
1480.6, 16741.0, 207.038643736
1480.5, 14051.7, 467.119909659
1480.4, 13982.5, 135.501476007
1480.3, 14409.9, 168.555895773
1480.2, 15547.3, 313.961160018
1480.1, 14806.0, 216.034719432
1480.0, 14463.6, 191.745769184
1479.9, 16475.0, 374.345562282
1479.8, 16681.7, 189.259636479
1479.7, 16154.8, 307.294256373
1479.6, 15834.0, 148.20121457
1479.5, 16226.2, 331.479954145
1479.4, 15389.0, 86.5089590736
1479.3, 15824.9, 215.501020879
1479.2, 15962.9, 214.165566794
1479.1, 15064.8, 272.72579636
1479.0, 14111.0, 182.105463949
1478.9, 16805.8, 230.905088727
1478.8, 15001.9, 320.560587097
1478.7, 16253.4, 216.051012495
1478.6, 18642.6, 331.458956735
1478.5, 15286.9, 292.147719485
1478.4, 17651.8, 290.540461898
1478.3, 15824.6, 213.091154204
1478.2, 14166.7, 204.327702478
1478.1, 16487.9, 199.995724954
1478.0, 15166.9, 106.047583659
1477.9, 14885.8, 175.389167282
1477.8, 14856.1, 165.08025321
1477.7, 15723.3, 184.061429963
1477.6, 16734.5, 324.33539739
1477.5, 13132.5, 543.663544851
1477.4, 14404.7, 262.617611748
1477.3, 17930.8, 426.847935452
1477.2, 16693.7, 244.15898509
1477.1, 16516.2, 285.437138439
1477.0, 13521.1, 416.685120925
1476.9, 15643.2, 138.102715397
1476.8, 16823.7, 322.592637858
1476.7, 17143.0, 325.311542986
1476.6, 17712.2, 292.82718453
1476.5, 16357.2, 176.441945126
1476.4, 15531.6, 160.725977987
1476.3, 14402.5, 294.791197291
1476.2, 16609.0, 238.594635313
1476.1, 17116.1, 143.371859164
1476.0, 16817.7, 230.69852622
1475.9, 16350.5, 210.658610078
1475.8, 17218.2, 287.694212663
1475.7, 16556.2, 256.219749434
1475.6, 17006.0, 240.981327077
1475.5, 17011.3, 208.184077201
1475.4, 15719.1, 224.887282877
1475.3, 17231.7, 502.309078158
1475.2, 16239.9, 183.522450943
1475.1, 19222.2, 5730.96696553
1475.0, 15998.1, 157.930649337
1474.9, 17200.9, 258.018778386
1474.8, 17301.5, 375.761160846
1474.7, 15506.5, 189.361690951
1474.6, 16185.6, 128.969143596
1474.5, 15996.4, 165.028603581
1474.4, 16536.3, 215.832365506
1474.3, 16716.7, 188.256234957
1474.2, 17029.5, 165.055899622
1474.1, 15829.7, 185.755780529
1474.0, 17161.4, 221.41282709
1473.9, 16275.4, 229.670285409
1473.8, 15330.1, 132.659300466
1473.7, 16411.3, 185.393662243
1473.6, 17318.2, 198.028179813
1473.5, 15776.5, 227.581304153
1473.4, 14242.0, 242.89750925
1473.3, 14948.2, 62.2009646227
1473.2, 13520.7, 253.510571772
1473.1, 14289.6, 133.805231587
1473.0, 15300.0, 178.795973109
1472.9, 14066.8, 226.218832107
1472.8, 16640.8, 171.457166663
1472.7, 17838.0, 233.555560842
1472.6, 15622.7, 259.903078089
1472.5, 16503.7, 258.266161159
1472.4, 14951.3, 199.258149143
1472.3, 13827.5, 142.823842547
1472.2, 15798.3, 283.500282187
1472.1, 14224.7, 207.858629842
1472.0, 15280.1, 142.682479653
1471.9, 13172.0, 204.587878429
1471.8, 16944.2, 257.925880826
1471.7, 18018.1, 265.260042223
1471.6, 13099.1, 278.090075335
1471.5, 14015.1, 202.025963678
1471.4, 14471.5, 166.990568596
1471.3, 14150.8, 112.126535664
1471.2, 15047.3, 186.765655301
1471.1, 14295.7, 198.003055532
1471.0, 12045.2, 218.797989022
1470.9, 11108.2, 301.463364275
1470.8, 12322.4, 284.473619164
1470.7, 16360.2, 320.530435372
1470.6, 13271.8, 248.439046851
1470.5, 15288.8, 235.558824925
1470.4, 12445.0, 197.690667458
1470.3, 16409.7, 368.220056488
1470.2, 18186.6, 417.131921579
1470.1, 15492.5, 138.647935434
1470.0, 13781.7, 171.78128536
1469.9, 11518.9, 315.48643394
1469.8, 11846.3, 219.846332696
1469.7, 14794.2, 278.664242414
1469.6, 11790.5, 338.800605076
1469.5, 13329.5, 164.332741716
1469.4, 14407.0, 212.144290519
1469.3, 18774.8, 492.689719803
1469.2, 16414.1, 201.682150921
1469.1, 13616.3, 204.740836181
1469.0, 15979.1, 227.540523863
1468.9, 16596.6, 346.232349731
1468.8, 14890.6, 320.17501464
1468.7, 14633.5, 216.896403843
1468.6, 13177.3, 257.785589202
1468.5, 13398.1, 141.209383541
1468.4, 11247.3, 267.799197161
1468.3, 12061.5, 395.53463818
1468.2, 11637.8, 408.083765911
1468.1, 16099.2, 242.640804483
1468.0, 12922.1, 165.798944508
1467.9, 13961.3, 356.950991034
1467.8, 12561.5, 205.779615123
1467.7, 18527.5, 683.795912535
1467.6, 12845.2, 311.395825277
1467.5, 12520.4, 128.758067708
1467.4, 16354.4, 444.971055238
1467.3, 14007.3, 389.115933881
1467.2, 11334.1, 205.029485684
1467.1, 11681.7, 263.88901076
1467.0, 16160.0, 406.237861357
1466.9, 14120.5, 232.943877361
1466.8, 9349.9, 430.342526367
1466.7, 12510.6, 186.043113283
1466.6, 13026.8, 180.986076813
1466.5, 10687.7, 270.607852805
1466.4, 11804.4, 381.716701233
1466.3, 21050.5, 468.808543011
1466.2, 12451.1, 619.307750638
1466.1, 17032.2, 337.191281026
1466.0, 16284.2, 248.576265963
1465.9, 17192.2, 313.154530544
1465.8, 17482.2, 313.963309958
1465.7, 20498.6, 571.054148046
1465.6, 15744.1, 240.609829392
1465.5, 16339.4, 407.387334118
1465.4, 16914.9, 309.404088531
1465.3, 18201.1, 174.162251938
1465.2, 16653.2, 215.961478046
1465.1, 18240.4, 226.458031432
1465.0, 19569.4, 411.367038057
1464.9, 10540.8, 765.201515942
1464.8, 18338.7, 285.177506126
1464.7, 14304.7, 366.095083278
1464.6, 11508.7, 478.120497364
1464.5, 14914.7, 388.752118965
1464.4, 15213.7, 167.723015713
1464.3, 21241.4, 899.998577777
1464.2, 16904.5, 689.700695954
1464.1, 24472.9, 522.946928474
1464.0, 22187.7, 1002.04032354
1463.9, 13321.9, 1022.22682904
1463.8, 15408.7, 566.902645963
1463.7, 15729.4, 267.453996044
1463.6, 15219.3, 523.381514767
1463.5, 17590.8, 845.049915685
1463.4, 11506.9, 821.884353179
1463.3, 10836.3, 519.384260447
1463.2, 14645.3, 332.583538378
1463.1, 14900.5, 285.584400834
1463.0, 11973.8, 485.897273094
1462.9, 12740.0, 221.79585208
1462.8, 26616.0, 766.455478159
1462.7, 26600.9, 457.001411376
1462.6, 17984.9, 833.568527477
1462.5, 13036.0, 401.230357775
1462.4, 14567.6, 282.992296715
1462.3, 17068.2, 675.946270054
1462.2, 21296.6, 565.066757118
1462.1, 18993.6, 207.54527217
1462.0, 15849.4, 197.04172147
1461.9, 24103.1, 746.096434786
1461.8, 19253.5, 302.525784025
1461.7, 19504.8, 192.953258589
1461.6, 26248.8, 501.07400651
1461.5, 19162.2, 407.226423504
1461.4, 15149.8, 773.867404663
1461.3, 19637.3, 1542.02866705
1461.2, 8687.4, 732.484702912
1461.1, 13384.7, 505.22134753
1461.0, 9968.8, 708.087395736
1460.9, 14932.7, 1413.43355344
1460.8, 20950.0, 952.133394016
1460.7, 23233.5, 1191.15912035
1460.6, 24714.8, 862.239038782
1460.5, 41591.8, 1323.19815598
1460.4, 28014.7, 239.303593788
1460.3, 23511.8, 691.424731985
1460.2, 17065.4, 788.918398822
1460.1, 12331.3, 590.722616801
1460.0, 19586.2, 428.92069197
1459.9, 8788.5, 1128.1999158
1459.8, 13693.3, 1105.15673549
1459.7, 25830.2, 1858.52548005
1459.6, 33084.1, 2492.81509342
1459.5, 45068.9, 1209.3210037
1459.4, 30529.7, 566.712457954
1459.3, 25927.3, 1306.65795448
1459.2, 12801.8, 1013.52837158
1459.1, 7615.4, 1294.51722275
1459.0, 19297.8, 901.054138218
1458.9, 33405.2, 1610.57851718
1458.8, 33428.7, 1088.52028461
1458.7, 33817.4, 566.720424901
1458.6, 24167.6, 626.013290594
1458.5, 9957.5, 1097.26343692
1458.4, 8162.5, 786.834957281
1458.3, 21718.1, 1823.2078022
1458.2, 29241.3, 740.476474981
1458.1, 28015.2, 583.399314364
1458.0, 25266.4, 1296.7167154
1457.9, 15471.3, 785.076053641
1457.8, 18325.8, 799.610755305
1457.7, 24998.8, 761.734441915
1457.6, 17341.0, 590.789641074
1457.5, 20859.0, 258.034881363
1457.4, 31987.8, 1259.5628448
1457.3, 28003.8, 859.829262121
1457.2, 12045.2, 1287.96194043
1457.1, 22772.7, 874.70361266
1457.0, 27807.9, 593.123503159
1456.9, 34185.6, 843.261311813
1456.8, 16353.1, 956.458200864
1456.7, 18733.8, 394.927284446
1456.6, 22855.1, 1737.02403265
1456.5, 28739.1, 537.254771966
1456.4, 28180.3, 422.519597179
1456.3, 11169.9, 1156.91758133
1456.2, 21285.5, 632.119015692
1456.1, 24834.6, 378.606180615
1456.0, 22147.5, 540.115034044
1455.9, 19369.4, 289.885218664
1455.8, 13676.9, 576.690289497
1455.7, 33237.2, 1275.48875338
1455.6, 27341.9, 508.463263176
1455.5, 8317.9, 1380.62988886
1455.4, 39655.3, 1954.55621817
1455.3, 22634.1, 917.044431857
1455.2, 18261.1, 568.790374391
1455.1, 25215.9, 1003.27498225
1455.0, 36794.0, 841.720499929
1454.9, 12433.4, 1340.13060558
1454.8, 28844.2, 932.067036216
1454.7, 26530.1, 323.072886513
1454.6, 20899.3, 1166.09502614
1454.5, 21641.2, 1066.72965647
1454.4, 39859.5, 2257.74423928
1454.3, 12781.1, 3341.34567053
1454.2, 27420.5, 3759.9377455
1454.1, 53964.7, 2713.98644249
1454.0, 7388.2, 2667.15334392
1453.9, 35752.5, 4139.67721568
1453.8, 46071.2, 1834.20537563
1453.7, 10680.8, 1865.14089548
1453.6, 25699.9, 1603.70336721
1453.5, 19002.6, 895.867088356
1453.4, 18631.0, 349.797941675
1453.3, 26569.4, 734.725145888
1453.2, 15316.6, 1150.31440919
1453.1, 33549.4, 1669.09198069
1453.0, 15275.4, 1282.64587474
1452.9, 23764.6, 682.469369276
1452.8, 24226.0, 298.032213024
1452.7, 18651.3, 440.080913015
1452.6, 17994.0, 355.711681
1452.5, 26619.3, 554.923967765
1452.4, 17266.2, 1038.61087997
1452.3, 26527.1, 431.170836212
1452.2, 18917.0, 584.152548569
1452.1, 43750.3, 1685.16990538
1452.0, 19781.0, 1870.31462594
1451.9, 29474.4, 694.75264663
1451.8, 26980.9, 340.578757412
1451.7, 12061.3, 1049.326646
1451.6, 34465.0, 1359.8327103
1451.5, 24395.6, 802.068849913
1451.4, 23736.5, 1444.56140403
1451.3, 37667.8, 1516.94362453
1451.2, 13560.2, 1510.77190866
1451.1, 41060.2, 2390.01957314
1451.0, 19948.1, 1463.65962232
1450.9, 26204.2, 1065.48259488
1450.8, 28223.8, 529.46251992
1450.7, 13982.8, 1115.17835345
1450.6, 41254.3, 1619.28027531
1450.5, 16652.5, 1471.29400529
1450.4, 33903.5, 1223.52500996
1450.3, 22859.6, 822.506923983
1450.2, 18405.5, 1224.85846121
1450.1, 34740.8, 1350.44702229
